Set	Enrichment	Global p value	Adjusted global p value
WP_MITOCHONDRIAL_CIII_ASSEMBLY	-0.9012132586162608	2.1276595744680852e-5	0.0014285714285714286
WP_OXIDATIVE_PHOSPHORYLATION	-0.8524945095315709	2.1276595744680852e-5	0.0014285714285714286
WP_ELECTRON_TRANSPORT_CHAIN_OXPHOS_SYSTEM_IN_MITOCHONDRIA	-0.8396181408714293	2.1276595744680852e-5	0.0014285714285714286
WP_MITOCHONDRIAL_CIV_ASSEMBLY	-0.8357830138292478	2.1276595744680852e-5	0.0014285714285714286
WP_TCA_CYCLE_AKA_KREBS_OR_CITRIC_ACID_CYCLE	-0.816447450953616	2.1276595744680852e-5	0.0014285714285714286
WP_MITOCHONDRIAL_COMPLEX_I_ASSEMBLY_MODEL_OXPHOS_SYSTEM	-0.7971517776335538	2.1276595744680852e-5	0.0014285714285714286
WP_TCA_CYCLE_AND_DEFICIENCY_OF_PYRUVATE_DEHYDROGENASE_COMPLEX_PDHC	-0.7574010699511692	2.1276595744680852e-5	0.0014285714285714286
WP_NONALCOHOLIC_FATTY_LIVER_DISEASE	-0.6744202153273003	4.2553191489361704e-5	0.0022222222222222222
WP_ID_SIGNALING_PATHWAY	-0.6675090473610877	4.2553191489361704e-5	0.0022222222222222222
WP_UREA_CYCLE_AND_ASSOCIATED_PATHWAYS	-0.6553235630839331	0.00010638297872340425	0.005
WP_SELECTIVE_EXPRESSION_OF_CHEMOKINE_RECEPTORS_DURING_TCELL_POLARIZATION	-0.6046708800481031	0.0005531914893617022	0.023636363636363636
WP_MITOCHONDRIAL_LCFATTY_ACID_BETAOXIDATION	-0.5998106280572015	0.0006595744680851064	0.02538461538461538
WP_NAD_METABOLISM_IN_ONCOGENEINDUCED_SENESCENCE_AND_MITOCHONDRIAL_DYSFUNCTIONASSOCIATED_SENESCENCE	-0.5991043481723767	0.000702127659574468	0.02538461538461538
WP_NAD_METABOLISM	-0.5816950725809086	0.0011063829787234043	0.034666666666666665
WP_METABOLIC_REPROGRAMMING_IN_COLON_CANCER	-0.5813909263470516	0.0011063829787234043	0.034666666666666665
WP_GLYCOLYSIS_AND_GLUCONEOGENESIS	-0.5547544409326656	0.0024468085106382977	0.06941176470588235
WP_PLATELETMEDIATED_INTERACTIONS_WITH_VASCULAR_AND_CIRCULATING_CELLS	-0.5539298757602047	0.0025106382978723404	0.06941176470588235
WP_HYPERTROPHY_MODEL	-0.5396287897269084	0.0034468085106382977	0.09
WP_PATHOGENESIS_OF_SARSCOV2_MEDIATED_BY_NSP9NSP10_COMPLEX	-0.5342329548149815	0.003936170212765958	0.09736842105263159
WP_HEREDITARY_LEIOMYOMATOSIS_AND_RENAL_CELL_CARCINOMA_PATHWAY	-0.5270417379881052	0.004638297872340425	0.10899999999999999
WP_CANCER_IMMUNOTHERAPY_BY_PD1_BLOCKADE	-0.5215477535447917	0.005319148936170213	0.11681818181818183
WP_CORI_CYCLE	-0.5202611916463131	0.005468085106382979	0.11681818181818183
WP_FATTY_ACID_BETA_OXIDATION	-0.5083527138890975	0.006765957446808511	0.1312
WP_PHOTODYNAMIC_THERAPYINDUCED_HIF1_SURVIVAL_SIGNALING	-0.5077719669290498	0.006872340425531915	0.1312
WP_TRYPTOPHAN_CATABOLISM_LEADING_TO_NAD_PRODUCTION	-0.5069159274912616	0.006978723404255319	0.1312
WP_BIOMARKERS_FOR_PYRIMIDINE_METABOLISM_DISORDERS	-0.4994445202454861	0.008127659574468085	0.1469230769230769
WP_NAD_BIOSYNTHETIC_PATHWAYS	-0.49205463059477783	0.009191489361702127	0.15999999999999998
WP_ENDOPLASMIC_RETICULUM_STRESS_RESPONSE_IN_CORONAVIRUS_INFECTION	-0.4862764586406824	0.009978723404255319	0.16241379310344828
WP_CYTOPLASMIC_RIBOSOMAL_PROTEINS	-0.48582128738439795	0.01002127659574468	0.16241379310344828
WP_NANOMATERIAL_INDUCED_APOPTOSIS	-0.48322034278135495	0.010617021276595745	0.16633333333333333
WP_SARSCOV2_MITOCHONDRIAL_INTERACTIONS	-0.48010619981025504	0.011234042553191489	0.17032258064516126
WP_TCELL_ANTIGEN_RECEPTOR_TCR_PATHWAY_DURING_STAPHYLOCOCCUS_AUREUS_INFECTION	-0.4685926679917405	0.013872340425531916	0.20375000000000001
WP_PROTEASOME_DEGRADATION	-0.4580485431263457	0.01648936170212766	0.23484848484848486
WP_NEOVASCULARISATION_PROCESSES	-0.45118336924281965	0.018127659574468085	0.24657142857142858
WP_LTF_DANGER_SIGNAL_RESPONSE_PATHWAY	-0.4504148839012571	0.018361702127659574	0.24657142857142858
WP_FATTY_ACID_BIOSYNTHESIS	-0.44134652550691134	0.020957446808510638	0.2736111111111111
WP_TYROBP_CAUSAL_NETWORK	-0.4394841117575953	0.02170212765957447	0.2756756756756757
WP_MITOCHONDRIAL_GENE_EXPRESSION	-0.4347785606353683	0.02374468085106383	0.29368421052631577
WP_TCELL_RECEPTOR_AND_COSTIMULATORY_SIGNALING	-0.43195430911072724	0.025085106382978724	0.30230769230769233
WP_AMPLIFICATION_AND_EXPANSION_OF_ONCOGENIC_PATHWAYS_AS_METASTATIC_TRAITS	-0.4295384942909783	0.026063829787234042	0.30625
WP_CHOLESTEROL_BIOSYNTHESIS_PATHWAY	-0.41696100393601077	0.03193617021276596	0.36609756097560975
WP_ANGIOGENESIS	-0.4106965626194897	0.03525531914893617	0.39452380952380955
WP_ASPIRIN_AND_MIRNAS	-0.4074868101543648	0.037553191489361704	0.41046511627906984
WP_ACE_INHIBITOR_PATHWAY	-0.40270052510637944	0.04038297872340425	0.4313636363636364
WP_7Q1123_COPY_NUMBER_VARIATION_SYNDROME	-0.4005876953503546	0.041531914893617024	0.43377777777777776
WP_TYPE_II_INTERFERON_SIGNALING_IFNG	-0.39889145530753506	0.042659574468085104	0.43468085106382975
WP_GLYCEROPHOSPHOLIPID_BIOSYNTHETIC_PATHWAY	-0.3975401691015171	0.043468085106382975	0.43468085106382975
WP_FERROPTOSIS	-0.38950259600603354	0.048489361702127656	0.47479166666666667
WP_MICROGLIA_PATHOGEN_PHAGOCYTOSIS_PATHWAY	-0.387084016501249	0.050340425531914895	0.4805882352941177
WP_COVID19_ADVERSE_OUTCOME_PATHWAY	-0.38555595628059286	0.05151063829787234	0.4805882352941177
WP_MAJOR_RECEPTORS_TARGETED_BY_EPINEPHRINE_AND_NOREPINEPHRINE	-0.38465127999112236	0.05214893617021277	0.4805882352941177
WP_CYTOKINES_AND_INFLAMMATORY_RESPONSE	-0.3791194179255258	0.056723404255319146	0.5083018867924528
WP_AMINO_ACID_METABOLISM	-0.3785212360013929	0.05731914893617021	0.5083018867924528
WP_METHIONINE_DE_NOVO_AND_SALVAGE_PATHWAY	-0.3762509706129161	0.059	0.5135185185185185
WP_CYSTEINE_AND_METHIONINE_CATABOLISM	-0.37286473614014837	0.061978723404255316	0.5296363636363636
WP_PHOSPHODIESTERASES_IN_NEURONAL_FUNCTION	-0.37079930448958903	0.06370212765957446	0.5346428571428571
WP_KYNURENINE_PATHWAY_AND_LINKS_TO_CELLULAR_SENESCENCE	-0.36812254755489593	0.06597872340425531	0.5364406779661017
WP_IL1_AND_MEGAKARYOCYTES_IN_OBESITY	-0.36741135314324713	0.06651063829787233	0.5364406779661017
WP_EXERCISEINDUCED_CIRCADIAN_REGULATION	-0.3664955914285342	0.0673404255319149	0.5364406779661017
WP_NSP1_FROM_SARSCOV2_INHIBITS_TRANSLATION_INITIATION_IN_THE_HOST_CELL	-0.36513687143455975	0.06863829787234042	0.5368852459016393
WP_HOSTPATHOGEN_INTERACTION_OF_HUMAN_CORONA_VIRUSES_MAPK_SIGNALING	-0.3643621805416705	0.06968085106382979	0.5368852459016393
WP_INTERACTIONS_BETWEEN_IMMUNE_CELLS_AND_MICRORNAS_IN_TUMOR_MICROENVIRONMENT	-0.3586870217914223	0.07546808510638298	0.5720967741935483
WP_PPAR_ALPHA_PATHWAY	-0.3568434095161979	0.07734042553191489	0.5728787878787879
WP_PURINERGIC_SIGNALING	-0.3560893680771962	0.07806382978723404	0.5728787878787879
WP_APOPTOSIS_MODULATION_BY_HSP70	-0.35456390933209775	0.07993617021276596	0.5728787878787879
WP_NOTCH1_REGULATION_OF_HUMAN_ENDOTHELIAL_CELL_CALCIFICATION	-0.35402642088983427	0.0804468085106383	0.5728787878787879
WP_7OXOC_AND_7BETAHC_PATHWAYS	-0.3483707304013643	0.08695744680851064	0.6100000000000001
WP_HEMATOPOIETIC_STEM_CELL_DIFFERENTIATION	-0.3447755465150291	0.09159574468085106	0.6330882352941176
WP_HIPPOYAP_SIGNALING_PATHWAY	-0.34224993949806437	0.09472340425531915	0.6452173913043479
WP_SIMPLIFIED_DEPICTION_OF_MYD88_DISTINCT_INPUTOUTPUT_PATHWAY	-0.3394765442611408	0.0983404255319149	0.6602857142857143
WP_PHOTODYNAMIC_THERAPYINDUCED_UNFOLDED_PROTEIN_RESPONSE	-0.3357431944369558	0.10297872340425532	0.6779166666666667
WP_PROXIMAL_TUBULE_TRANSPORT	-0.33514754530363794	0.10385106382978723	0.6779166666666667
WP_NRF2ARE_REGULATION	-0.33415862824678894	0.10540425531914893	0.6786301369863014
WP_RELATIONSHIP_BETWEEN_INFLAMMATION_COX2_AND_EGFR	-0.33137460811400254	0.10951063829787235	0.6955405405405405
WP_EUKARYOTIC_TRANSCRIPTION_INITIATION	-0.3287504728031996	0.11357446808510638	0.7035526315789473
WP_HOSTPATHOGEN_INTERACTION_OF_HUMAN_CORONA_VIRUSES_AUTOPHAGY	-0.32855794744251154	0.11376595744680851	0.7035526315789473
WP_TCELL_ANTIGEN_RECEPTOR_TCR_SIGNALING_PATHWAY	-0.3264751319083724	0.11723404255319149	0.7155844155844157
WP_CYTOSOLIC_DNASENSING_PATHWAY	-0.32501827368649716	0.11974468085106384	0.7215384615384616
WP_PI3KAKTMTOR_VITD3_SIGNALLING	-0.3220016979151039	0.12410638297872341	0.7322222222222222
WP_PYRIMIDINE_METABOLISM_AND_RELATED_DISEASES	-0.32130332058828964	0.12517021276595744	0.7322222222222222
WP_TYPE_2_PAPILLARY_RENAL_CELL_CARCINOMA	-0.320643363683709	0.12619148936170213	0.7322222222222222
WP_GENOTOXICITY_PATHWAY	-0.31686835563758037	0.13174468085106383	0.7480722891566265
WP_GASTRIC_CANCER_NETWORK_1	-0.3165439334825548	0.1321063829787234	0.7480722891566265
WP_REGULATION_OF_WNTBCATENIN_SIGNALING_BY_SMALL_MOLECULE_COMPOUNDS	-0.3139536279568241	0.13657446808510637	0.7641666666666667
WP_KISSPEPTINKISSPEPTIN_RECEPTOR_SYSTEM_IN_THE_OVARY	-0.31206055981611575	0.1398936170212766	0.7735294117647059
WP_FBXL10_ENHANCEMENT_OF_MAPERK_SIGNALING_IN_DIFFUSE_LARGE_BCELL_LYMPHOMA	-0.31103624058288026	0.14174468085106384	0.7746511627906977
WP_PROSTAGLANDIN_SYNTHESIS_AND_REGULATION	-0.30472313000098666	0.1533191489361702	0.8282758620689655
WP_GALANIN_RECEPTOR_PATHWAY	-0.30308017268500137	0.1563404255319149	0.8319101123595505
WP_TARGET_OF_RAPAMYCIN_TOR_SIGNALING	-0.30242452624528043	0.157531914893617	0.8319101123595505
WP_INFLAMMATORY_RESPONSE_PATHWAY	-0.3000730018388733	0.16227659574468084	0.84340206185567
WP_REGULATION_OF_SISTER_CHROMATID_SEPARATION_AT_THE_METAPHASEANAPHASE_TRANSITION	-0.2982704480782293	0.1661063829787234	0.84340206185567
WP_CELLS_AND_MOLECULES_INVOLVED_IN_LOCAL_ACUTE_INFLAMMATORY_RESPONSE	-0.2968500937006002	0.16880851063829788	0.84340206185567
WP_THE_EFFECT_OF_PROGERIN_ON_THE_INVOLVED_GENES_IN_HUTCHINSONGILFORD_PROGERIA_SYNDROME	-0.2967779144024651	0.1688936170212766	0.84340206185567
WP_NOCGMPPKG_MEDIATED_NEUROPROTECTION	-0.29607997380369866	0.1702127659574468	0.84340206185567
WP_IMATINIB_AND_CHRONIC_MYELOID_LEUKEMIA	-0.2950502385341679	0.17206382978723403	0.84340206185567
WP_OVERVIEW_OF_INTERFERONSMEDIATED_SIGNALING_PATHWAY	-0.2946126616390104	0.17293617021276594	0.84340206185567
WP_GENES_CONTROLLING_NEPHROGENESIS	-0.29406097748045235	0.17406382978723403	0.84340206185567
WP_PPAR_SIGNALING_PATHWAY	-0.2924783699632174	0.17751063829787234	0.8491919191919192
WP_PHOTODYNAMIC_THERAPYINDUCED_NFKB_SURVIVAL_SIGNALING	-0.2919342955073288	0.1788723404255319	0.8491919191919192
WP_CAMKK2_PATHWAY	-0.2908522384770846	0.18097872340425533	0.8506
WP_ENERGY_METABOLISM	-0.28673223644516954	0.19025531914893618	0.8713592233009708
WP_HEPATITIS_C_AND_HEPATOCELLULAR_CARCINOMA	-0.28666218007754324	0.19036170212765957	0.8713592233009708
WP_FAS_LIGAND_FASL_PATHWAY_AND_STRESS_INDUCTION_OF_HEAT_SHOCK_PROTEINS_HSP_REGULATION	-0.2863990073104871	0.19095744680851065	0.8713592233009708
WP_AMYOTROPHIC_LATERAL_SCLEROSIS_ALS	-0.28312978267696476	0.19885106382978723	0.8986538461538461
WP_EBOLA_VIRUS_PATHWAY_ON_HOST	-0.27970507495772967	0.2068936170212766	0.9181467181467181
WP_SREBF_AND_MIR33_IN_CHOLESTEROL_AND_LIPID_HOMEOSTASIS	-0.2760493287140769	0.21474468085106382	0.9181467181467181
WP_DEVELOPMENT_AND_HETEROGENEITY_OF_THE_ILC_FAMILY	-0.2757496327913107	0.215468085106383	0.9181467181467181
WP_3Q29_COPY_NUMBER_VARIATION_SYNDROME	-0.27450341249851784	0.21795744680851065	0.9181467181467181
WP_ALZHEIMERS_DISEASE	-0.2738655006129337	0.21951063829787235	0.9181467181467181
WP_ALLOGRAFT_REJECTION	-0.2737249139292707	0.21974468085106383	0.9181467181467181
WP_PYRIMIDINE_METABOLISM	-0.2735003200859287	0.22027659574468086	0.9181467181467181
WP_SIGNAL_TRANSDUCTION_OF_S1P_RECEPTOR	-0.2704213188785634	0.22795744680851063	0.9181467181467181
WP_NETRINUNC5B_SIGNALING_PATHWAY	-0.2695461629880399	0.2305531914893617	0.9181467181467181
WP_CANONICAL_AND_NONCANONICAL_NOTCH_SIGNALING	-0.2694437973839479	0.2307872340425532	0.9181467181467181
WP_LIPID_METABOLISM_PATHWAY	-0.2682439585084006	0.2336595744680851	0.9181467181467181
WP_GLYCEROLIPIDS_AND_GLYCEROPHOSPHOLIPIDS	-0.2681459054086731	0.23382978723404255	0.9181467181467181
WP_CARDIAC_PROGENITOR_DIFFERENTIATION	-0.26745608957795547	0.23570212765957446	0.9181467181467181
WP_MTHFR_DEFICIENCY	-0.26727846578197495	0.2361063829787234	0.9181467181467181
WP_OSTEOCLAST_SIGNALING	-0.2636420049946504	0.2464255319148936	0.9181467181467181
WP_GDNFRET_SIGNALLING_AXIS	-0.2633107879000037	0.24712765957446808	0.9181467181467181
WP_VIRAL_ACUTE_MYOCARDITIS	-0.2586426956911709	0.2593617021276596	0.9181467181467181
WP_PROTEOGLYCAN_BIOSYNTHESIS	-0.2579930910074952	0.2607659574468085	0.9181467181467181
WP_FIBRIN_COMPLEMENT_RECEPTOR_3_SIGNALING_PATHWAY	-0.25768536129454855	0.2614255319148936	0.9181467181467181
WP_SARSCOV2_INNATE_IMMUNITY_EVASION_AND_CELLSPECIFIC_IMMUNE_RESPONSE	-0.25665361160716943	0.26395744680851063	0.9181467181467181
WP_GLOBO_SPHINGOLIPID_METABOLISM	-0.25461718149484186	0.2694468085106383	0.9181467181467181
WP_OXIDATIVE_DAMAGE	-0.2544849246841285	0.2700212765957447	0.9181467181467181
WP_TRANSLATION_FACTORS	-0.2544607778922691	0.2700851063829787	0.9181467181467181
WP_UNFOLDED_PROTEIN_RESPONSE	-0.25327340287175154	0.2737659574468085	0.9181467181467181
WP_PATHWAYS_IN_CLEAR_CELL_RENAL_CELL_CARCINOMA	-0.253255986391052	0.27380851063829786	0.9181467181467181
WP_SMALL_CELL_LUNG_CANCER	-0.2516373576121116	0.27772340425531916	0.9181467181467181
WP_PREIMPLANTATION_EMBRYO	-0.2507813976743019	0.2801063829787234	0.9181467181467181
WP_LUNG_FIBROSIS	-0.24980459763672555	0.282531914893617	0.9181467181467181
WP_G13_SIGNALING_PATHWAY	-0.24964019812686378	0.28297872340425534	0.9181467181467181
WP_GLUCOCORTICOID_RECEPTOR_PATHWAY	-0.2483524504970022	0.2867021276595745	0.9181467181467181
WP_RESISTIN_AS_A_REGULATOR_OF_INFLAMMATION	-0.24763602946369387	0.2886170212765957	0.9181467181467181
WP_PEPTIDE_GPCRS	-0.24720478012407768	0.2897872340425532	0.9181467181467181
WP_DIFFERENTIATION_PATHWAY	-0.24636994987250457	0.29212765957446807	0.9181467181467181
WP_TNF_RELATED_WEAK_INDUCER_OF_APOPTOSIS_TWEAK_SIGNALING_PATHWAY	-0.24561498259230138	0.29414893617021276	0.9181467181467181
WP_INTERLEUKIN11_SIGNALING_PATHWAY	-0.24492590967323866	0.29617021276595745	0.9181467181467181
WP_TLR4_SIGNALING_AND_TOLERANCE	-0.24492283554933345	0.29619148936170214	0.9181467181467181
WP_CHROMOSOMAL_AND_MICROSATELLITE_INSTABILITY_IN_COLORECTAL_CANCER	-0.24326536640795024	0.3007021276595745	0.9181467181467181
WP_FLUOROPYRIMIDINE_ACTIVITY	-0.24312329328646645	0.30117021276595746	0.9181467181467181
WP_FACTORS_AND_PATHWAYS_AFFECTING_INSULINLIKE_GROWTH_FACTOR_IGF1AKT_SIGNALING	-0.24245624165285098	0.3031276595744681	0.9181467181467181
WP_4HYDROXYTAMOXIFEN_DEXAMETHASONE_AND_RETINOIC_ACIDS_REGULATION_OF_P27_EXPRESSION	-0.24211034422177993	0.3041276595744681	0.9181467181467181
WP_NUCLEAR_RECEPTORS	-0.24115869942719675	0.3068085106382979	0.9181467181467181
WP_ALPHA_6_BETA_4_SIGNALING_PATHWAY	-0.23950491111815955	0.31142553191489364	0.9181467181467181
WP_ENVELOPE_PROTEINS_AND_THEIR_POTENTIAL_ROLES_IN_EDMD_PHYSIOPATHOLOGY	-0.23914207086741127	0.31236170212765957	0.9181467181467181
WP_P38_MAPK_SIGNALING_PATHWAY	-0.23730208927651847	0.31753191489361704	0.9181467181467181
WP_SLEEP_REGULATION	-0.2370127795516813	0.3182340425531915	0.9181467181467181
WP_KIT_RECEPTOR_SIGNALING_PATHWAY	-0.23649218605205297	0.3198936170212766	0.9181467181467181
WP_B_CELL_RECEPTOR_SIGNALING_PATHWAY	-0.23616209131154145	0.32063829787234044	0.9181467181467181
WP_OVERVIEW_OF_LEUKOCYTEINTRINSIC_HIPPO_PATHWAY_FUNCTIONS	-0.23598267664541206	0.3211914893617021	0.9181467181467181
WP_VEGFAVEGFR2_SIGNALING_PATHWAY	-0.23572335863878377	0.32180851063829785	0.9181467181467181
WP_TRIACYLGLYCERIDE_SYNTHESIS	-0.235138424308548	0.32368085106382977	0.9181467181467181
WP_1Q211_COPY_NUMBER_VARIATION_SYNDROME	-0.23398558954774115	0.32751063829787236	0.9181467181467181
WP_GLYCOSAMINOGLYCAN_DEGRADATION	-0.233635101564589	0.32840425531914896	0.9181467181467181
WP_STRIATED_MUSCLE_CONTRACTION_PATHWAY	-0.23308354167371936	0.3301702127659574	0.9181467181467181
WP_MONOAMINE_GPCRS	-0.23300676879533666	0.3303829787234043	0.9181467181467181
WP_IL3_SIGNALING_PATHWAY	-0.23158919187262114	0.33493617021276595	0.9181467181467181
WP_MYOMETRIAL_RELAXATION_AND_CONTRACTION_PATHWAYS	-0.23146254724227705	0.3352978723404255	0.9181467181467181
WP_TGFB_SIGNALING_IN_THYROID_CELLS_FOR_EPITHELIALMESENCHYMAL_TRANSITION	-0.23110011856548598	0.3363404255319149	0.9181467181467181
WP_DOPAMINERGIC_NEUROGENESIS	-0.23086443593349162	0.33697872340425533	0.9181467181467181
WP_SUDDEN_INFANT_DEATH_SYNDROME_SIDS_SUSCEPTIBILITY_PATHWAYS	-0.22886888102699043	0.34327659574468083	0.9181467181467181
WP_OVERVIEW_OF_NANOPARTICLE_EFFECTS	-0.2259848480435369	0.3517872340425532	0.9181467181467181
WP_BDNFTRKB_SIGNALING	-0.22548040629427765	0.3527446808510638	0.9181467181467181
WP_HISTONE_MODIFICATIONS	-0.22528060587346768	0.35325531914893615	0.9181467181467181
WP_EICOSANOID_METABOLISM_VIA_LIPO_OXYGENASES_LOX	-0.2239899594755909	0.35706382978723405	0.9181467181467181
WP_GASTRIC_CANCER_NETWORK_2	-0.2236506402344296	0.35821276595744683	0.9181467181467181
WP_REGUCALCIN_IN_PROXIMAL_TUBULE_EPITHELIAL_KIDNEY_CELLS	-0.22296900939660066	0.36019148936170214	0.9181467181467181
WP_TYPE_I_COLLAGEN_SYNTHESIS_IN_THE_CONTEXT_OF_OSTEOGENESIS_IMPERFECTA	-0.22208239799020657	0.362936170212766	0.9181467181467181
WP_PI3KAKT_SIGNALING_PATHWAY	-0.22139992841755185	0.3647872340425532	0.9181467181467181
WP_SYNAPTIC_VESICLE_PATHWAY	-0.22115362832541685	0.365531914893617	0.9181467181467181
WP_RAC1PAK1P38MMP2_PATHWAY	-0.22038310196357158	0.3677446808510638	0.9181467181467181
WP_GPCRS_CLASS_A_RHODOPSINLIKE	-0.2193646386703849	0.3709148936170213	0.9181467181467181
WP_ASSOCIATION_BETWEEN_PHYSICOCHEMICAL_FEATURES_AND_TOXICITY_ASSOCIATED_PATHWAYS	-0.21859549362330788	0.3731276595744681	0.9181467181467181
WP_THYMIC_STROMAL_LYMPHOPOIETIN_TSLP_SIGNALING_PATHWAY	-0.21812680086692418	0.3743404255319149	0.9181467181467181
WP_PHYTOCHEMICAL_ACTIVITY_ON_NRF2_TRANSCRIPTIONAL_ACTIVATION	-0.2176607371045201	0.37563829787234043	0.9181467181467181
WP_REGULATION_OF_APOPTOSIS_BY_PARATHYROID_HORMONERELATED_PROTEIN	-0.21750627189316837	0.3761063829787234	0.9181467181467181
WP_PDGF_PATHWAY	-0.21698858204249935	0.37755319148936173	0.9181467181467181
WP_16P112_PROXIMAL_DELETION_SYNDROME	-0.21685399123368954	0.378	0.9181467181467181
WP_CHEMOKINE_SIGNALING_PATHWAY	-0.21592650955627918	0.38	0.9181467181467181
WP_APOPTOSIS	-0.2149263074766516	0.3830212765957447	0.9181467181467181
WP_NONGENOMIC_ACTIONS_OF_125_DIHYDROXYVITAMIN_D3	-0.21433824294795714	0.3844468085106383	0.9181467181467181
WP_INHIBITION_OF_EXOSOME_BIOGENESIS_AND_SECRETION_BY_MANUMYCIN_A_IN_CRPC_CELLS	-0.21100188368261233	0.3943191489361702	0.9181467181467181
WP_EICOSANOID_METABOLISM_VIA_CYCLO_OXYGENASES_COX	-0.21073779771036957	0.3948936170212766	0.9181467181467181
WP_CHOLESTEROL_METABOLISM_INCLUDES_BOTH_BLOCH_AND_KANDUTSCHRUSSELL_PATHWAYS	-0.21031100585364626	0.39614893617021274	0.9181467181467181
WP_VITAMIN_B12_METABOLISM	-0.21023359232073732	0.3962765957446808	0.9181467181467181
WP_APOPTOSIS_MODULATION_AND_SIGNALING	-0.20597751006738158	0.4074042553191489	0.9181467181467181
WP_IL6_SIGNALING_PATHWAY	-0.20593441744281063	0.407468085106383	0.9181467181467181
WP_APOPTOSISRELATED_NETWORK_DUE_TO_ALTERED_NOTCH3_IN_OVARIAN_CANCER	-0.20500513101001444	0.4098085106382979	0.9181467181467181
WP_ENDOTHELIN_PATHWAYS	-0.20490283522901473	0.41019148936170213	0.9181467181467181
WP_FOCAL_ADHESIONPI3KAKTMTORSIGNALING_PATHWAY	-0.2038621222440492	0.4128723404255319	0.9181467181467181
WP_MIRNA_TARGETS_IN_ECM_AND_MEMBRANE_RECEPTORS	-0.1999364321604333	0.42225531914893616	0.9181467181467181
WP_HIPPOMERLIN_SIGNALING_DYSREGULATION	-0.19938399883679744	0.42346808510638295	0.9181467181467181
WP_GLYCOSYLATION_AND_RELATED_CONGENITAL_DEFECTS	-0.19908381468097344	0.42448936170212764	0.9181467181467181
WP_STEROL_REGULATORY_ELEMENTBINDING_PROTEINS_SREBP_SIGNALLING	-0.1976140710938687	0.4278723404255319	0.9181467181467181
WP_NEURODEGENERATION_WITH_BRAIN_IRON_ACCUMULATION_NBIA_SUBTYPES_PATHWAY	-0.1964756053812541	0.43031914893617024	0.9181467181467181
WP_TOLLLIKE_RECEPTOR_SIGNALING_PATHWAY	-0.1963385787582016	0.4307446808510638	0.9181467181467181
WP_IL18_SIGNALING_PATHWAY	-0.1951181001417958	0.43353191489361703	0.9181467181467181
WP_CALCIUM_REGULATION_IN_THE_CARDIAC_CELL	-0.19467638184229166	0.4341489361702128	0.9181467181467181
WP_PATHWAYS_REGULATING_HIPPO_SIGNALING	-0.19391230702752724	0.43570212765957445	0.9181467181467181
WP_NOTCH_SIGNALING_PATHWAY_NETPATH	-0.19299806459957267	0.43761702127659574	0.9181467181467181
WP_SELENIUM_MICRONUTRIENT_NETWORK	-0.19285811539573333	0.4379787234042553	0.9181467181467181
WP_LNCRNA_INVOLVEMENT_IN_CANONICAL_WNT_SIGNALING_AND_COLORECTAL_CANCER	-0.1911875496940908	0.44127659574468087	0.9181467181467181
WP_PATHOGENIC_ESCHERICHIA_COLI_INFECTION	-0.19094585351529175	0.4417659574468085	0.9181467181467181
WP_THE_HUMAN_IMMUNE_RESPONSE_TO_TUBERCULOSIS	-0.19094002584915837	0.4417659574468085	0.9181467181467181
WP_WNT_SIGNALING	-0.1899724770675847	0.4438723404255319	0.9181467181467181
WP_NICOTINE_ACTIVITY_ON_DOPAMINERGIC_NEURONS	-0.18634087516114572	0.4504255319148936	0.9181467181467181
WP_REGULATION_OF_TOLLLIKE_RECEPTOR_SIGNALING_PATHWAY	-0.18372114723632638	0.45451063829787236	0.9181467181467181
WP_PARKINSONS_DISEASE_PATHWAY	-0.18337862104207053	0.4550851063829787	0.9181467181467181
WP_GLUTATHIONE_METABOLISM	-0.18173102696406165	0.45774468085106385	0.9181467181467181
WP_SARS_CORONAVIRUS_AND_INNATE_IMMUNITY	-0.1799919090375893	0.4603404255319149	0.9181467181467181
WP_NCRNAS_INVOLVED_IN_WNT_SIGNALING_IN_HEPATOCELLULAR_CARCINOMA	-0.17986399761921726	0.4605744680851064	0.9181467181467181
WP_MIRNAS_INVOLVEMENT_IN_THE_IMMUNE_RESPONSE_IN_SEPSIS	-0.17937004908597096	0.4611914893617021	0.9181467181467181
WP_AUTOPHAGY	-0.178735244638354	0.46217021276595743	0.9181467181467181
WP_SIGNAL_TRANSDUCTION_THROUGH_IL1R	-0.17732278747846525	0.46387234042553194	0.9181467181467181
WP_WNT_SIGNALING_PATHWAY_NETPATH	-0.17409692578341252	0.4674893617021277	0.9181467181467181
WP_INTERFERON_TYPE_I_SIGNALING_PATHWAYS	-0.1731949461052909	0.46825531914893614	0.9181467181467181
WP_G_PROTEIN_SIGNALING_PATHWAYS	-0.1729870185968141	0.4685106382978723	0.9181467181467181
WP_IL2_SIGNALING_PATHWAY	-0.17051235708533963	0.4706382978723404	0.9181467181467181
WP_MAPK_CASCADE	-0.1703862842374514	0.4707872340425532	0.9181467181467181
WP_PRION_DISEASE_PATHWAY	-0.1703137353732673	0.47085106382978725	0.9181467181467181
WP_PANCREATIC_ADENOCARCINOMA_PATHWAY	-0.16787455759321188	0.4728085106382979	0.9181467181467181
WP_PATHWAYS_OF_NUCLEIC_ACID_METABOLISM_AND_INNATE_IMMUNE_SENSING	-0.16212955060477752	0.47682978723404257	0.9181467181467181
WP_ATM_SIGNALING_NETWORK_IN_DEVELOPMENT_AND_DISEASE	-0.15898304353269502	0.47825531914893615	0.9181467181467181
WP_TGFBETA_SIGNALING_PATHWAY	-0.1560078468856085	0.47948936170212764	0.9181467181467181
WP_PHOSPHOINOSITIDES_METABOLISM	-0.15469518830142054	0.47985106382978726	0.9181467181467181
WP_STING_PATHWAY_IN_KAWASAKILIKE_DISEASE_AND_COVID19	-0.1531146628251258	0.48029787234042554	0.9181467181467181
WP_IL1_SIGNALING_PATHWAY	-0.15186049977757643	0.4805531914893617	0.9181467181467181
WP_CELL_CYCLE	-0.15022898882320251	0.4808936170212766	0.9181467181467181
WP_PARKINUBIQUITIN_PROTEASOMAL_SYSTEM_PATHWAY	-0.1430038984415993	0.4818297872340426	0.9181467181467181
WP_ONCOSTATIN_M_SIGNALING_PATHWAY	-0.14155874027539414	0.48206382978723405	0.9181467181467181
WP_NOVEL_INTRACELLULAR_COMPONENTS_OF_RIGILIKE_RECEPTOR_RLR_PATHWAY	-0.13964721885012052	0.48208510638297875	0.9181467181467181
WP_TRANSLATION_INHIBITORS_IN_CHRONICALLY_ACTIVATED_PDGFRA_CELLS	-0.13686405706534224	0.48225531914893616	0.9181467181467181
WP_HEPATITIS_B_INFECTION	-0.12362429498910577	0.4826170212765957	0.9181467181467181
WP_HUMAN_THYROID_STIMULATING_HORMONE_TSH_SIGNALING_PATHWAY	0.12995463858485004	0.4828723404255319	0.9181467181467181
WP_RANKLRANK_RECEPTOR_ACTIVATOR_OF_NFKB_LIGAND_SIGNALING_PATHWAY	0.13113163644361908	0.4829148936170213	0.9181467181467181
WP_PHOTODYNAMIC_THERAPYINDUCED_AP1_SURVIVAL_SIGNALING	0.13610320438792223	0.48317021276595745	0.9181467181467181
WP_INTEGRATED_BREAST_CANCER_PATHWAY	0.13745531842440345	0.48327659574468085	0.9181467181467181
WP_MAPK_SIGNALING_PATHWAY	0.1438766109116592	0.4838936170212766	0.9181467181467181
WP_IL5_SIGNALING_PATHWAY	0.14819421634300356	0.48451063829787233	0.9181467181467181
WP_MICRORNAS_IN_CARDIOMYOCYTE_HYPERTROPHY	0.1577078335718142	0.48740425531914894	0.9181467181467181
WP_ZINC_HOMEOSTASIS	0.15783414042996352	0.48746808510638295	0.9181467181467181
WP_GLYCOGEN_SYNTHESIS_AND_DEGRADATION	0.15895984983908898	0.4878510638297872	0.9181467181467181
WP_CANONICAL_AND_NONCANONICAL_TGFB_SIGNALING	0.16525885157602144	0.4906382978723404	0.9181467181467181
WP_REGULATION_OF_ACTIN_CYTOSKELETON	0.16565926760136832	0.4907872340425532	0.9181467181467181
WP_PDGFRBETA_PATHWAY	0.16649309241904733	0.49142553191489363	0.9181467181467181
WP_CILIARY_LANDSCAPE	0.16703165778560172	0.4918297872340425	0.9181467181467181
WP_INTEGRINMEDIATED_CELL_ADHESION	0.1685985244382163	0.4931063829787234	0.9181467181467181
WP_WNT_SIGNALING_PATHWAY_AND_PLURIPOTENCY	0.1701382343377035	0.4944468085106383	0.9181467181467181
WP_MRNA_PROCESSING	0.17116184370267745	0.49529787234042555	0.9181467181467181
WP_EGFEGFR_SIGNALING_PATHWAY	0.1727049024161959	0.4968510638297872	0.9181467181467181
WP_EICOSANOID_SYNTHESIS	0.17508970523877238	0.49948936170212765	0.9181467181467181
WP_TGFBETA_RECEPTOR_SIGNALING	0.17616311721765893	0.4993404255319149	0.9181467181467181
WP_NANOPARTICLE_TRIGGERED_AUTOPHAGIC_CELL_DEATH	0.17628453499524765	0.49925531914893617	0.9181467181467181
WP_GPCRS_CLASS_B_SECRETINLIKE	0.1777679798059456	0.49738297872340426	0.9181467181467181
WP_PROLACTIN_SIGNALING_PATHWAY	0.17937495781251206	0.49538297872340425	0.9181467181467181
WP_BASE_EXCISION_REPAIR	0.1796642511588556	0.4950212765957447	0.9181467181467181
WP_SENESCENCE_AND_AUTOPHAGY_IN_CANCER	0.18041271036190468	0.4940425531914894	0.9181467181467181
WP_THERMOGENESIS	0.18363580317677167	0.4896382978723404	0.9220992366412214
WP_ARYL_HYDROCARBON_RECEPTOR_NETPATH	0.18520351146043335	0.48704255319148937	0.9220992366412214
WP_REGULATORY_CIRCUITS_OF_THE_STAT3_SIGNALING_PATHWAY	0.18567713689296872	0.4859787234042553	0.9220992366412214
WP_PKCGAMMA_CALCIUM_SIGNALING_PATHWAY_IN_ATAXIA	0.18704111364610854	0.48323404255319147	0.9222348484848485
WP_NOTCH_SIGNALING	0.18783393624185304	0.4819787234042553	0.9222348484848485
WP_SIGNALING_OF_HEPATOCYTE_GROWTH_FACTOR_RECEPTOR	0.19143419122803168	0.4754042553191489	0.922876254180602
WP_MET_IN_TYPE_1_PAPILLARY_RENAL_CELL_CARCINOMA	0.1928276593666365	0.4725744680851064	0.922876254180602
WP_FOLLICLE_STIMULATING_HORMONE_FSH_SIGNALING_PATHWAY	0.1930310165403286	0.47206382978723405	0.922876254180602
WP_TNF_ALPHA_SIGNALING_PATHWAY	0.19339992909989087	0.4713617021276596	0.922876254180602
WP_TGFBETA_RECEPTOR_SIGNALLING_IN_SKELETAL_DYSPLASIAS	0.19499550429613108	0.46812765957446806	0.922876254180602
WP_SYNAPTIC_SIGNALING_PATHWAYS_ASSOCIATED_WITH_AUTISM_SPECTRUM_DISORDER	0.19576728396799722	0.46604255319148935	0.922876254180602
WP_AMPACTIVATED_PROTEIN_KINASE_AMPK_SIGNALING	0.19611576861427768	0.4651914893617021	0.922876254180602
WP_GPCRS_OTHER	0.19845934601663429	0.4595531914893617	0.922876254180602
WP_IL4_SIGNALING_PATHWAY	0.20117952881110532	0.45368085106382977	0.922876254180602
WP_SEROTONIN_RECEPTOR_467_AND_NR3C_SIGNALING	0.20235655288445786	0.45065957446808513	0.922876254180602
WP_BREAST_CANCER_PATHWAY	0.20397697553873032	0.4461489361702128	0.922876254180602
WP_MIR5093P_ALTERATION_OF_YAP1ECM_AXIS	0.20443785974662437	0.4449148936170213	0.922876254180602
WP_MELANOMA	0.20449323059625293	0.44470212765957445	0.922876254180602
WP_RAS_SIGNALING	0.2046671471658245	0.4443617021276596	0.922876254180602
WP_EBV_LMP1_SIGNALING	0.20476780970761052	0.4440425531914894	0.922876254180602
WP_ONE_CARBON_METABOLISM	0.20498484576290282	0.4433617021276596	0.922876254180602
WP_CARDIAC_HYPERTROPHIC_RESPONSE	0.20516137803369994	0.44280851063829785	0.922876254180602
WP_CIRCADIAN_RHYTHM_RELATED_GENES	0.20540539966558	0.442	0.922876254180602
WP_FOCAL_ADHESION	0.20653939533943172	0.4387659574468085	0.922876254180602
WP_FOLATE_METABOLISM	0.20738796914188126	0.4360851063829787	0.922876254180602
WP_INSULIN_SIGNALING	0.20887483222148326	0.43225531914893617	0.922876254180602
WP_ESC_PLURIPOTENCY_PATHWAYS	0.20928427138012526	0.43119148936170215	0.922876254180602
WP_PRADERWILLI_AND_ANGELMAN_SYNDROME	0.20964632541883316	0.43042553191489363	0.922876254180602
WP_NUCLEOTIDE_EXCISION_REPAIR	0.20977161018320753	0.4298510638297872	0.922876254180602
WP_NONSMALL_CELL_LUNG_CANCER	0.21054572546833475	0.4275531914893617	0.922876254180602
WP_OXYSTEROLS_DERIVED_FROM_CHOLESTEROL	0.21150167675208545	0.42529787234042554	0.922876254180602
WP_DNA_IRDOUBLE_STRAND_BREAKS_DSBS_AND_CELLULAR_RESPONSE_VIA_ATM	0.21210057362709933	0.4235531914893617	0.922876254180602
WP_COMMON_PATHWAYS_UNDERLYING_DRUG_ADDICTION	0.21342105103767625	0.4198085106382979	0.922876254180602
WP_NANOPARTICLEMEDIATED_ACTIVATION_OF_RECEPTOR_SIGNALING	0.21416061269090886	0.4179148936170213	0.922876254180602
WP_DNA_REPAIR_PATHWAYS_FULL_NETWORK	0.2144182816918921	0.4171063829787234	0.922876254180602
WP_TYPE_II_DIABETES_MELLITUS	0.2153784758709235	0.41414893617021276	0.922876254180602
WP_TOLLLIKE_RECEPTOR_SIGNALING_RELATED_TO_MYD88	0.21545262756744887	0.4139148936170213	0.922876254180602
WP_22Q112_COPY_NUMBER_VARIATION_SYNDROME	0.21547857656388314	0.4137659574468085	0.922876254180602
WP_HOSTPATHOGEN_INTERACTION_OF_HUMAN_CORONA_VIRUSES_INTERFERON_INDUCTION	0.21576393280141276	0.41295744680851065	0.922876254180602
WP_ANGIOPOIETIN_LIKE_PROTEIN_8_REGULATORY_PATHWAY	0.21579060263416577	0.4128936170212766	0.922876254180602
WP_SEROTONIN_RECEPTOR_2_AND_ELKSRFGATA4_SIGNALING	0.2207126247767469	0.3972978723404255	0.9407920792079209
WP_HUMAN_COMPLEMENT_SYSTEM	0.2211307899716573	0.3962340425531915	0.9407920792079209
WP_BRAINDERIVED_NEUROTROPHIC_FACTOR_BDNF_SIGNALING_PATHWAY	0.22156962719961212	0.39495744680851064	0.9407920792079209
WP_PRIMARY_FOCAL_SEGMENTAL_GLOMERULOSCLEROSIS_FSGS	0.22200063723393243	0.39348936170212767	0.9407920792079209
WP_EPITHELIAL_TO_MESENCHYMAL_TRANSITION_IN_COLORECTAL_CANCER	0.22288035539534048	0.39048936170212767	0.9423355263157894
WP_MECHANOREGULATION_AND_PATHOLOGY_OF_YAPTAZ_VIA_HIPPO_AND_NONHIPPO_MECHANISMS	0.22486342499785583	0.3844255319148936	0.9479738562091503
WP_WNTBETACATENIN_SIGNALING_PATHWAY_IN_LEUKEMIA	0.22544611294552697	0.38280851063829785	0.9479738562091503
WP_CELL_DIFFERENTIATION_INDEX_EXPANDED	0.2261448740082296	0.38068085106382976	0.94814332247557
WP_REGULATION_OF_MICROTUBULE_CYTOSKELETON	0.229530822401625	0.3699787234042553	0.961396103896104
WP_SPINAL_CORD_INJURY	0.23051830873860024	0.366936170212766	0.9614147909967846
WP_LEPTIN_SIGNALING_PATHWAY	0.231411755057184	0.3645531914893617	0.9614147909967846
WP_MATRIX_METALLOPROTEINASES	0.23161378455055298	0.3638297872340426	0.9614147909967846
WP_OLIGODENDROCYTE_SPECIFICATION_AND_DIFFERENTIATION_LEADING_TO_MYELIN_COMPONENTS_FOR_CNS	0.23316574594786957	0.35925531914893616	0.9652243589743589
WP_HEART_DEVELOPMENT	0.23423470093852544	0.35608510638297874	0.9669009584664536
WP_STRUCTURAL_PATHWAY_OF_INTERLEUKIN_1_IL1	0.23756310966138425	0.3454255319148936	0.9767625899280574
WP_ESTROGEN_SIGNALING_PATHWAY	0.23920864220141927	0.341	0.9767625899280574
WP_NUCLEAR_RECEPTORS_METAPATHWAY	0.24061906797660776	0.3365531914893617	0.9767625899280574
WP_WNT_SIGNALING_IN_KIDNEY_DISEASE	0.24073843556388597	0.33614893617021274	0.9767625899280574
WP_P53_TRANSCRIPTIONAL_GENE_NETWORK	0.2412329891856243	0.33470212765957447	0.9767625899280574
WP_EXTRACELLULAR_VESICLEMEDIATED_SIGNALING_IN_RECIPIENT_CELLS	0.24279918905726863	0.330468085106383	0.9767625899280574
WP_EPO_RECEPTOR_SIGNALING	0.2429233226904502	0.3301276595744681	0.9767625899280574
WP_OSTEOBLAST_DIFFERENTIATION	0.2432680039212218	0.3288936170212766	0.9767625899280574
WP_ENDODERM_DIFFERENTIATION	0.24545093688135639	0.32285106382978723	0.9767625899280574
WP_NCRNAS_INVOLVED_IN_STAT3_SIGNALING_IN_HEPATOCELLULAR_CARCINOMA	0.24715647474301086	0.31780851063829785	0.9767625899280574
WP_NEPHROTIC_SYNDROME	0.24749160361587494	0.3167872340425532	0.9767625899280574
WP_RETINOBLASTOMA_GENE_IN_CANCER	0.2482114511780036	0.31459574468085105	0.9767625899280574
WP_COMPLEMENT_AND_COAGULATION_CASCADES	0.24981724304390707	0.31006382978723407	0.9767625899280574
WP_ECTODERM_DIFFERENTIATION	0.2504245056302799	0.3081276595744681	0.9767625899280574
WP_TYPE_I_INTERFERON_INDUCTION_AND_SIGNALING_DURING_SARSCOV2_INFECTION	0.25118938402655455	0.3057872340425532	0.9767625899280574
WP_TRANSCRIPTION_COFACTORS_SKI_AND_SKIL_PROTEIN_PARTNERS	0.2539223806980951	0.2976595744680851	0.9767625899280574
WP_FRAGILE_X_SYNDROME	0.25461578665722895	0.2954255319148936	0.9767625899280574
WP_NRF2_PATHWAY	0.2547203399527088	0.29514893617021276	0.9767625899280574
WP_COPPER_HOMEOSTASIS	0.25488001717388864	0.2946808510638298	0.9767625899280574
WP_THYROID_HORMONES_PRODUCTION_AND_THEIR_PERIPHERAL_DOWNSTREAM_SIGNALLING_EFFECTS	0.2582670144674577	0.2848723404255319	0.9702173913043477
WP_DNA_DAMAGE_RESPONSE_ONLY_ATM_DEPENDENT	0.25834482413895127	0.2847872340425532	0.9702173913043477
WP_MECP2_AND_ASSOCIATED_RETT_SYNDROME	0.26013779150576255	0.279	0.9641911764705884
WP_GABA_RECEPTOR_SIGNALING	0.2607948658239545	0.277	0.9641911764705884
WP_HOSTPATHOGEN_INTERACTION_OF_HUMAN_CORONA_VIRUSES_APOPTOSIS	0.2620402538171962	0.2734255319148936	0.9590298507462686
WP_SMALL_LIGAND_GPCRS	0.26327289386976516	0.26978723404255317	0.9533834586466164
WP_EGFR_TYROSINE_KINASE_INHIBITOR_RESISTANCE	0.26457700929272354	0.26606382978723403	0.9473484848484848
WP_DEVELOPMENT_OF_URETERIC_COLLECTION_SYSTEM	0.265328793719275	0.26372340425531915	0.9461832061068702
WP_MBDNF_AND_PROBDNF_REGULATION_OF_GABA_NEUROTRANSMISSION	0.26583620278038594	0.26253191489361705	0.9461832061068702
WP_NUCLEOTIDEBINDING_OLIGOMERIZATION_DOMAIN_NOD_PATHWAY	0.26638461567709987	0.2608723404255319	0.9461832061068702
WP_AGERAGE_PATHWAY	0.2665173654503254	0.2605531914893617	0.9461832061068702
WP_CELL_DIFFERENTIATION_INDEX	0.2667708527671246	0.25961702127659575	0.9461832061068702
WP_SIGNALING_PATHWAYS_IN_GLIOBLASTOMA	0.2672594550319166	0.2583617021276596	0.9461832061068702
WP_PURINE_METABOLISM_AND_RELATED_DISORDERS	0.2715048392294492	0.24695744680851064	0.92856
WP_RAS_AND_BRADYKININ_PATHWAYS_IN_COVID19	0.27493092371115874	0.2377659574468085	0.9012096774193549
WP_MONOAMINE_TRANSPORT	0.27495152869331685	0.23772340425531915	0.9012096774193549
WP_ARRHYTHMOGENIC_RIGHT_VENTRICULAR_CARDIOMYOPATHY	0.27510422279575314	0.237	0.9012096774193549
WP_ADIPOGENESIS	0.2753521723570115	0.23627659574468085	0.9012096774193549
WP_HEAD_AND_NECK_SQUAMOUS_CELL_CARCINOMA	0.27535233453921537	0.23627659574468085	0.9012096774193549
WP_GASTRIN_SIGNALING_PATHWAY	0.2788177987857076	0.22680851063829788	0.8957983193277311
WP_AIRWAY_SMOOTH_MUSCLE_CELL_CONTRACTION	0.27894728062837976	0.22648936170212766	0.8957983193277311
WP_RETT_SYNDROME_CAUSING_GENES	0.2802741791529014	0.2226808510638298	0.8945299145299145
WP_15Q133_COPY_NUMBER_VARIATION_SYNDROME	0.2839662990470016	0.21393617021276595	0.8668103448275862
WP_MIRNA_REGULATION_OF_DNA_DAMAGE_RESPONSE	0.28527164115295395	0.21125531914893617	0.8633913043478261
WP_INTEGRATED_CANCER_PATHWAY	0.28540612946125443	0.21106382978723404	0.8633913043478261
WP_16P112_DISTAL_DELETION_SYNDROME	0.2857547768828275	0.21025531914893617	0.8633913043478261
WP_CORTICOTROPINRELEASING_HORMONE_SIGNALING_PATHWAY	0.2858343573816695	0.21008510638297873	0.8633913043478261
WP_PHOTODYNAMIC_THERAPYINDUCED_NFE2L2_NRF2_SURVIVAL_SIGNALING	0.2882123224151118	0.2042340425531915	0.8633913043478261
WP_HEMATOPOIETIC_STEM_CELL_GENE_REGULATION_BY_GABP_ALPHABETA_COMPLEX	0.28843619027268963	0.20391489361702128	0.8633913043478261
WP_MAMMALIAN_DISORDER_OF_SEXUAL_DEVELOPMENT	0.2897935774070831	0.20091489361702128	0.8633913043478261
WP_MIRNAS_INVOLVED_IN_DNA_DAMAGE_RESPONSE	0.2925605127324232	0.19442553191489362	0.846111111111111
WP_INITIATION_OF_TRANSCRIPTION_AND_TRANSLATION_ELONGATION_AT_THE_HIV1_LTR	0.29389133283517127	0.1915531914893617	0.8414018691588785
WP_ERBB_SIGNALING_PATHWAY	0.29476116177040346	0.18938297872340426	0.8397169811320755
WP_UREA_CYCLE_AND_METABOLISM_OF_AMINO_GROUPS	0.29485170071389977	0.18921276595744682	0.8397169811320755
WP_ONE_CARBON_METABOLISM_AND_RELATED_PATHWAYS	0.29539420438974834	0.18785106382978722	0.8397169811320755
WP_INTRACELLULAR_TRAFFICKING_PROTEINS_INVOLVED_IN_CMT_NEUROPATHY	0.29598568202163467	0.1866595744680851	0.8397169811320755
WP_ENDOCHONDRAL_OSSIFICATION	0.29756996678146996	0.1833191489361702	0.8397169811320755
WP_ENDOCHONDRAL_OSSIFICATION_WITH_SKELETAL_DYSPLASIAS	0.29756996678146996	0.1833191489361702	0.8397169811320755
WP_VITAMIN_D_IN_INFLAMMATORY_DISEASES	0.2999124517403657	0.17812765957446808	0.8371999999999999
WP_OVARIAN_INFERTILITY_GENES	0.30027146008531136	0.17751063829787234	0.8371999999999999
WP_PI3KAKTMTOR_SIGNALING_PATHWAY_AND_THERAPEUTIC_OPPORTUNITIES	0.30244013155419613	0.17302127659574468	0.8297959183673469
WP_MAMMARY_GLAND_DEVELOPMENT_PATHWAY_EMBRYONIC_DEVELOPMENT_STAGE_1_OF_4	0.3026416825056038	0.1726595744680851	0.8297959183673469
WP_MAP3K1_ROLE_IN_PROMOTING_AND_BLOCKING_GONADAL_DETERMINATION	0.3044312885797176	0.16936170212765958	0.8291666666666667
WP_MESODERMAL_COMMITMENT_PATHWAY	0.3051258489088114	0.16808510638297872	0.8291666666666667
WP_NUCLEOTIDE_METABOLISM	0.3071585265078318	0.16393617021276596	0.8196808510638297
WP_ANDROGEN_RECEPTOR_SIGNALING_PATHWAY	0.3077906687884613	0.1626595744680851	0.8196808510638297
WP_THE_OVERLAP_BETWEEN_SIGNAL_TRANSDUCTION_PATHWAYS_THAT_CONTRIBUTE_TO_A_RANGE_OF_LMNA_LAMINOPATHIES	0.30817453611975604	0.16180851063829788	0.8196808510638297
WP_PATHWAYS_AFFECTED_IN_ADENOID_CYSTIC_CARCINOMA	0.308241856262535	0.16174468085106383	0.8196808510638297
WP_METABOLIC_PATHWAY_OF_LDL_HDL_AND_TG_INCLUDING_DISEASES	0.30856213566286117	0.16134042553191488	0.8196808510638297
WP_PHYSIOLOGICAL_AND_PATHOLOGICAL_HYPERTROPHY_OF_THE_HEART	0.30957888689024105	0.159531914893617	0.8196808510638297
WP_G1_TO_S_CELL_CYCLE_CONTROL	0.3103365764415824	0.1581276595744681	0.8196808510638297
WP_H19_ACTION_RBE2F1_SIGNALING_AND_CDKBETACATENIN_ACTIVITY	0.3104498642285306	0.15795744680851065	0.8196808510638297
WP_DNA_DAMAGE_RESPONSE	0.31188973717345725	0.155468085106383	0.8196808510638297
WP_ARYL_HYDROCARBON_RECEPTOR_PATHWAY	0.31314783057127765	0.15312765957446808	0.8196808510638297
WP_RENIN_ANGIOTENSIN_ALDOSTERONE_SYSTEM_RAAS	0.3132605069698324	0.1529787234042553	0.8196808510638297
WP_GPCRS_CLASS_C_METABOTROPIC_GLUTAMATE_PHEROMONE	0.32083396015129145	0.1395531914893617	0.7902409638554218
WP_NEURAL_CREST_DIFFERENTIATION	0.3218275582242831	0.1376808510638298	0.7891463414634148
WP_VITAMIN_D_RECEPTOR_PATHWAY	0.3229189531278724	0.13595744680851063	0.7888888888888889
WP_FGFR3_SIGNALLING_IN_CHONDROCYTE_PROLIFERATION_AND_TERMINAL_DIFFERENTIATION	0.3238202076940253	0.1345744680851064	0.7888888888888889
WP_ETHANOL_EFFECTS_ON_HISTONE_MODIFICATIONS	0.32449789110787536	0.13353191489361702	0.7888888888888889
WP_THE_INFLUENCE_OF_LAMINOPATHIES_ON_WNT_SIGNALING	0.32457880745696116	0.13338297872340427	0.7888888888888889
WP_HAIR_FOLLICLE_DEVELOPMENT_CYTODIFFERENTIATION_PART_3_OF_3	0.3248478217201681	0.133	0.7888888888888889
WP_GENES_TARGETED_BY_MIRNAS_IN_ADIPOCYTES	0.3304673346553385	0.1242127659574468	0.768157894736842
WP_METAPATHWAY_BIOTRANSFORMATION_PHASE_I_AND_II	0.3317616562799693	0.12251063829787234	0.7677333333333333
WP_STATIN_PATHWAY	0.3330856782629473	0.12053191489361702	0.7655405405405405
WP_CANNABINOID_RECEPTOR_SIGNALING	0.3334894283114483	0.11995744680851064	0.7655405405405405
WP_SPLICING_FACTOR_NOVA_REGULATED_SYNAPTIC_PROTEINS	0.3337689375193394	0.11948936170212766	0.7655405405405405
WP_CILIOPATHIES	0.3345877408019318	0.118	0.7655405405405405
WP_EXTRACELLULAR_VESICLES_IN_THE_CROSSTALK_OF_CARDIAC_CELLS	0.3358657836232547	0.11587234042553192	0.7655405405405405
WP_ENDOMETRIAL_CANCER	0.3406065103937056	0.10880851063829787	0.741159420289855
WP_NEPHROGENESIS	0.34149808951645866	0.10759574468085106	0.741159420289855
WP_DNA_IRDAMAGE_AND_CELLULAR_RESPONSE_VIA_ATR	0.34201052658554426	0.107	0.741159420289855
WP_SEROTONIN_AND_ANXIETY	0.3424446640405138	0.10657446808510639	0.741159420289855
WP_CELL_MIGRATION_AND_INVASION_THROUGH_P75NTR	0.3426615569632017	0.1062127659574468	0.741159420289855
WP_GENES_INVOLVED_IN_MALE_INFERTILITY	0.34501225515081213	0.10304255319148936	0.741159420289855
WP_MFAP5_EFFECT_ON_PERMEABILITY_AND_MOTILITY_OF_ENDOTHELIAL_CELLS_VIA_CYTOSKELETON_REARRANGEMENT	0.3453565716124785	0.10261702127659575	0.741159420289855
WP_COMPLEMENT_ACTIVATION	0.3533439707513896	0.09217021276595745	0.6987096774193549
WP_LEPTIN_INSULIN_OVERLAP	0.354850093677935	0.09042553191489362	0.6967213114754098
WP_TRYPTOPHAN_METABOLISM	0.35549803679412406	0.08955319148936171	0.6967213114754098
WP_HEDGEHOG_SIGNALING_PATHWAY	0.3570455069399766	0.08787234042553191	0.6967213114754098
WP_DNA_MISMATCH_REPAIR	0.3578507448458604	0.08672340425531914	0.6967213114754098
WP_CONSTITUTIVE_ANDROSTANE_RECEPTOR_PATHWAY	0.3606692780122462	0.08321276595744681	0.6861403508771929
WP_SIMPLIFIED_INTERACTION_MAP_BETWEEN_LOXL4_AND_OXIDATIVE_STRESS_PATHWAY	0.36070100449525916	0.08314893617021277	0.6861403508771929
WP_DNA_REPLICATION	0.36355034664377284	0.07957446808510639	0.68
WP_HAIR_FOLLICLE_DEVELOPMENT_ORGANOGENESIS_PART_2_OF_3	0.36389951513059593	0.07923404255319148	0.68
WP_JOUBERT_SYNDROME	0.36609451658063785	0.07685106382978724	0.68
WP_IL7_SIGNALING_PATHWAY	0.3729145204177162	0.0698936170212766	0.6317307692307692
WP_MELATONIN_METABOLISM_AND_EFFECTS	0.37489945914389416	0.06791489361702127	0.6258823529411764
WP_FARNESOID_X_RECEPTOR_PATHWAY	0.3753175479940477	0.06759574468085107	0.6258823529411764
WP_VITAMIN_A_AND_CAROTENOID_METABOLISM	0.3758541639227521	0.0671063829787234	0.6258823529411764
WP_NEURAL_CREST_CELL_MIGRATION_DURING_DEVELOPMENT	0.38039770293905106	0.06304255319148937	0.6172916666666667
WP_TRANSSULFURATION_AND_ONE_CARBON_METABOLISM	0.3813862076505957	0.06204255319148936	0.6172916666666667
WP_BLADDER_CANCER	0.3818235214164854	0.06182978723404255	0.6172916666666667
WP_NEURAL_CREST_CELL_MIGRATION_IN_CANCER	0.38282222892308687	0.061170212765957445	0.6172916666666667
WP_GENES_RELATED_TO_PRIMARY_CILIUM_DEVELOPMENT_BASED_ON_CRISPR	0.38315151789399865	0.06091489361702128	0.6172916666666667
WP_METASTATIC_BRAIN_TUMOR	0.38771018304896643	0.057	0.6172916666666667
WP_ATM_SIGNALING_PATHWAY	0.38861256293868784	0.056340425531914894	0.6172916666666667
WP_BMP_SIGNALING_PATHWAY_IN_EYELID_DEVELOPMENT	0.39335351408289315	0.052659574468085106	0.6036585365853658
WP_IL17_SIGNALING_PATHWAY	0.39352831396371624	0.052574468085106386	0.6036585365853658
WP_WHITE_FAT_CELL_DIFFERENTIATION	0.39589098659215216	0.05048936170212766	0.6036585365853658
WP_VITAMIN_DSENSITIVE_CALCIUM_SIGNALING_IN_DEPRESSION	0.3975883881175773	0.04923404255319149	0.6036585365853658
WP_SPHINGOLIPID_PATHWAY	0.39929835296397825	0.0478936170212766	0.6036585365853658
WP_MAMMARY_GLAND_DEVELOPMENT_PATHWAY_PREGNANCY_AND_LACTATION_STAGE_3_OF_4	0.4006031676844226	0.04693617021276596	0.6036585365853658
WP_TRANSCRIPTION_FACTOR_REGULATION_IN_ADIPOGENESIS	0.4041896610734118	0.04478723404255319	0.6014285714285714
WP_MAPK_PATHWAY_IN_CONGENITAL_THYROID_CANCER	0.4056865786821768	0.0435531914893617	0.6014285714285714
WP_INTRAFLAGELLAR_TRANSPORT_PROTEINS_BINDING_TO_DYNEIN	0.40620802343078616	0.04321276595744681	0.6014285714285714
WP_MIRNA_REGULATION_OF_PROSTATE_CANCER_SIGNALING_PATHWAYS	0.40932989344896037	0.04140425531914894	0.6014285714285714
WP_METABOLISM_OF_SPINGOLIPIDS_IN_ER_AND_GOLGI_APPARATUS	0.40973268617097586	0.041191489361702124	0.6014285714285714
WP_CLASSICAL_PATHWAY_OF_STEROIDOGENESIS_WITH_GLUCOCORTICOID_AND_MINERALOCORTICOID_METABOLISM	0.4100744447612015	0.041	0.6014285714285714
WP_DISRUPTION_OF_POSTSYNAPTIC_SIGNALLING_BY_CNV	0.41435919934086834	0.038787234042553194	0.6014285714285714
WP_GLUCURONIDATION	0.4151398517170032	0.038319148936170215	0.6014285714285714
WP_OXIDATIVE_STRESS	0.4188182033771545	0.036574468085106386	0.6014285714285714
WP_GPR40_PATHWAY	0.41956512393554696	0.03602127659574468	0.6014285714285714
WP_MIRNA_REGULATION_OF_P53_PATHWAY_IN_PROSTATE_CANCER	0.4317665708178684	0.02893617021276596	0.544
WP_SULFATION_BIOTRANSFORMATION_REACTION	0.4333281975214258	0.027936170212765957	0.544
WP_BIOGENIC_AMINE_SYNTHESIS	0.4398189501699857	0.025212765957446807	0.5152173913043478
WP_IL9_SIGNALING_PATHWAY	0.44727134510231614	0.02231914893617021	0.47681818181818175
WP_DEREGULATION_OF_RAB_AND_RAB_EFFECTOR_GENES_IN_BLADDER_CANCER	0.4486259527254516	0.021829787234042553	0.47681818181818175
WP_TUMOR_SUPPRESSOR_ACTIVITY_OF_SMARCB1	0.4541159628605313	0.019680851063829788	0.4625
WP_ROLE_OF_OSX_AND_MIRNAS_IN_TOOTH_DEVELOPMENT	0.46009684986409766	0.017553191489361703	0.4342105263157895
WP_TP53_NETWORK	0.4665113882448024	0.015893617021276597	0.41500000000000004
WP_PREGNANE_X_RECEPTOR_PATHWAY	0.4713596647432032	0.014489361702127659	0.40058823529411763
WP_NUCLEAR_RECEPTORS_IN_LIPID_METABOLISM_AND_TOXICITY	0.4735302552698423	0.013978723404255319	0.40058823529411763
WP_DRUG_INDUCTION_OF_BILE_ACID_PATHWAY	0.48359557345059956	0.011446808510638298	0.35866666666666663
WP_ERK_PATHWAY_IN_HUNTINGTONS_DISEASE	0.49288385231924625	0.009595744680851065	0.3221428571428572
WP_BLOOD_CLOTTING_CASCADE	0.4945749291019183	0.009191489361702127	0.3221428571428572
WP_HEDGEHOG_SIGNALING_PATHWAY_NETPATH	0.5011795537084359	0.008170212765957446	0.32
WP_DIFFERENTIATION_OF_WHITE_AND_BROWN_ADIPOCYTE	0.5022946064285333	0.007957446808510639	0.32
WP_ESTROGEN_METABOLISM	0.5062171007174794	0.007212765957446809	0.32
WP_SPHINGOLIPID_METABOLISM_INTEGRATED_PATHWAY	0.5084368862822208	0.0067872340425531915	0.32
WP_HYPOTHESIZED_PATHWAYS_IN_PATHOGENESIS_OF_CARDIOVASCULAR_DISEASE	0.5236493298360219	0.005021276595744681	0.295
WP_SPHINGOLIPID_METABOLISM_GENERAL_OVERVIEW	0.5271296409276747	0.004574468085106383	0.295
WP_OXIDATION_BY_CYTOCHROME_P450	0.5316879760346865	0.004085106382978723	0.295
WP_FGF23_SIGNALLING_IN_HYPOPHOSPHATEMIC_RICKETS_AND_RELATED_DISORDERS	0.5325207541301791	0.003936170212765958	0.295
WP_INTERACTOME_OF_POLYCOMB_REPRESSIVE_COMPLEX_2_PRC2	0.5761468016863822	0.0014680851063829786	0.1725
WP_LET7_INHIBITION_OF_ES_CELL_REPROGRAMMING	0.609513179325854	0.0005106382978723404	0.08
WP_TAMOXIFEN_METABOLISM	0.6159112659156802	0.000425531914893617	0.08
WP_FATTY_ACID_OMEGA_OXIDATION	0.7472904686974361	2.1276595744680852e-5	0.01
